theme_id,theme_name,stock_count,big_theme,is_event_theme
27,자동차부품,146,자동차·부품,False
64,2차전지,141,2차전지·전기차,False
111,지주사,126,기타·이벤트,False
568,코리아 밸류업 지수(Korea Value-up Index),99,기타·이벤트,True
227,전기차,97,2차전지·전기차,False
12,반도체 장비,93,반도체·AI,False
110,화장품,93,소비·유통·패션,False
567,밸류업(24년 기업가치 제고계획 발표),91,기타·이벤트,True
175,의료기기,91,바이오·헬스케어,False
172,제약업체,88,바이오·헬스케어,False
571,밸류업(25년 기업가치 제고계획 발표),84,기타·이벤트,True
9,OLED(유기 발광 다이오드),79,디스플레이·전자부품,False
446,2차전지(소재/부품),73,2차전지·전기차,False
505,로봇(산업용/협동로봇 등),72,로봇·자동화,False
14,반도체 재료/부품,71,반도체·AI,False
386,수소에너지(수소차/연료전지 등),71,친환경·신재생,False
436,코로나19(진단/치료제/백신 개발 등),70,바이오·헬스케어,True
144,방위산업/전쟁 및 테러,68,우주·방산·항공,False
99,지능형로봇/인공지능(AI),66,반도체·AI,False
113,음식료업종,65,음식료·농업,False
279,스마트폰,62,디스플레이·전자부품,False
32,패션/의류,61,소비·유통·패션,False
362,자율주행차,59,자동차·부품,False
307,시스템반도체,57,반도체·AI,False
373,5G(5세대 이동통신),54,통신·네트워크,False
377,치매,51,바이오·헬스케어,False
55,보안주(정보),50,기타·이벤트,False
205,원자력발전,50,전력·원전·에너지,False
445,2차전지(장비),47,2차전지·전기차,False
92,통신장비,47,통신·네트워크,False
480,메타버스(Metaverse),46,기타·이벤트,False
487,건강기능식품,44,음식료·농업,False
191,태양광에너지,44,친환경·신재생,False
587,피지컬 AI/휴머노이드 로봇,43,반도체·AI,False
108,"백신/진단시약/방역(신종플루, AI 등)",42,반도체·AI,False
329,전력저장장치(ESS),41,전력·원전·에너지,False
376,유전자 치료제/분석,40,기타·이벤트,False
517,전후 재건(우크라/중동 전쟁 등),40,우주·방산·항공,False
250,철도,40,건설·인프라,False
393,갤럭시 부품주,39,기타·이벤트,False
447,코로나19(진단키트),39,바이오·헬스케어,True
284,기업인수목적회사(SPAC),38,기타·이벤트,False
392,스마트팩토리(스마트공장),38,로봇·자동화,False
33,LED,37,디스플레이·전자부품,False
540,비만치료제,37,바이오·헬스케어,False
200,우주항공산업(누리호/인공위성 등),37,우주·방산·항공,False
188,풍력에너지,37,친환경·신재생,False
265,모바일게임(스마트폰),36,디스플레이·전자부품,False
94,조선기자재,36,조선·해운,False
72,철강 중소형,36,철강·비철·소재,False
311,고령화 사회(노인복지),35,기타·이벤트,False
276,클라우드 컴퓨팅,35,인터넷·SW·클라우드,False
536,HBM(고대역폭메모리),34,반도체·AI,False
389,면역항암제,34,기타·이벤트,False
127,영상콘텐츠,34,기타·이벤트,False
123,전력설비,34,전력·원전·에너지,False
342,핀테크(FinTech),33,인터넷·SW·클라우드,False
270,모바일콘텐츠(스마트폰/태블릿PC),32,디스플레이·전자부품,False
287,PCB(FPCB 등),31,디스플레이·전자부품,False
417,아프리카 돼지열병(ASF),31,기타·이벤트,False
128,엔터테인먼트,31,콘텐츠·엔터·게임,False
472,2차전지(전고체),30,2차전지·전기차,False
529,AI 챗봇(챗GPT 등),30,반도체·AI,False
17,SI(시스템통합),30,기타·이벤트,False
42,게임,30,콘텐츠·엔터·게임,False
349,드론(Drone),30,우주·방산·항공,False
121,남북경협,29,기타·이벤트,False
543,의료AI,29,반도체·AI,False
343,인터넷은행,29,인터넷·SW·클라우드,False
76,여름,28,기타·이벤트,False
564,전기차 화재 방지(배터리 열폭주 등),28,2차전지·전기차,False
506,탈모 치료,28,바이오·헬스케어,False
52,교육/온라인 교육,27,기타·이벤트,False
184,수자원(양적/질적 개선),27,건설·인프라,False
448,코로나19(치료제/백신 개발 등),27,바이오·헬스케어,True
381,LNG(액화천연가스),26,전력·원전·에너지,False
352,가상현실(VR),26,기타·이벤트,False
322,건설 중소형,26,건설·인프라,False
348,삼성페이,26,기타·이벤트,False
426,양자암호/양자컴퓨팅,26,통신·네트워크,False
316,엔젤산업,26,기타·이벤트,False
41,카메라모듈/부품,26,디스플레이·전자부품,False
531,STO(토큰증권 발행),25,금융,False
331,가상화폐(비트코인 등),25,기타·이벤트,False
171,비철금속,25,철강·비철·소재,False
582,스테이블코인,25,기타·이벤트,False
382,플렉서블 디스플레이,25,디스플레이·전자부품,False
19,황사/미세먼지,25,기타·이벤트,False
237,GTX(수도권 광역급행철도),24,건설·인프라,False
462,UAM(도심항공모빌리티),24,기타·이벤트,False
59,광고,24,콘텐츠·엔터·게임,False
13,리모델링/인테리어,24,기타·이벤트,False
545,온디바이스 AI,24,반도체·AI,False
514,전기차(충전소/충전기),24,2차전지·전기차,False
404,폴더블폰,24,기타·이벤트,False
206,농업,23,음식료·농업,False
288,모바일솔루션(스마트폰),23,디스플레이·전자부품,False
387,블록체인,23,인터넷·SW·클라우드,False
104,스마트홈(홈네트워크),23,통신·네트워크,False
139,출산장려정책,23,기타·이벤트,True
31,환율하락 수혜,23,기타·이벤트,True
266,겨울,22,기타·이벤트,False
523,리튬,22,2차전지·전기차,False
285,마스크,22,기타·이벤트,False
592,부동산 보유 자산주,22,기타·이벤트,False
149,원격진료/비대면진료(U-Healthcare),22,기타·이벤트,False
421,日제품 불매운동(수혜),21,기타·이벤트,True
501,리비안(RIVIAN),21,기타·이벤트,False
310,리츠(REITs),21,기타·이벤트,False
557,유리 기판,21,반도체·AI,False
335,재난/안전(지진/화재 등),21,기타·이벤트,True
151,증권,21,금융,False
474,쿠팡(coupang),21,기타·이벤트,False
492,NFT(대체불가토큰),20,인터넷·SW·클라우드,False
16,구제역/광우병 수혜,20,기타·이벤트,True
241,바이오시밀러(복제 바이오의약품),20,바이오·헬스케어,False
229,스마트그리드(지능형전력망),20,전력·원전·에너지,False
388,아이폰,20,기타·이벤트,False
289,증강현실(AR),20,기타·이벤트,False
119,창투사,20,금융,False
500,폐배터리,20,2차전지·전기차,False
422,日 수출 규제(국산화 등),19,기타·이벤트,False
513,미용기기,19,기타·이벤트,False
106,바이오인식(생체인식),19,바이오·헬스케어,False
234,보안주(물리),19,기타·이벤트,False
136,소매유통,19,소비·유통·패션,False
533,전력반도체,19,반도체·AI,False
398,DMZ 평화공원,18,기타·이벤트,False
470,마이크로바이옴,18,기타·이벤트,False
105,사료,18,음식료·농업,False
180,석유화학,18,화학·정유,False
66,줄기세포,18,기타·이벤트,False
152,온실가스(탄소배출권)/탄소 포집·활용·저장(CCUS),17,전력·원전·에너지,False
298,희귀금속(희토류 등),17,철강·비철·소재,False
378,건설기계,16,건설·인프라,False
141,종합 물류,16,여행·레저·운송,False
496,골프,15,기타·이벤트,False
586,광통신(광케이블/광섬유 등),15,통신·네트워크,False
44,시멘트/레미콘,15,건설·인프라,False
401,원자력발전소 해체,15,전력·원전·에너지,False
488,웹툰,15,콘텐츠·엔터·게임,False
98,음원/음반,15,콘텐츠·엔터·게임,False
435,재택근무/스마트워크,15,기타·이벤트,False
600,주유소,15,기타·이벤트,False
537,초전도체,15,기타·이벤트,False
174,치아 치료(임플란트 등),15,기타·이벤트,False
379,항공기부품,15,우주·방산·항공,False
559,고체산화물 연료전지(SOFC),14,친환경·신재생,False
297,공작기계,14,기타·이벤트,False
511,니켈,14,철강·비철·소재,False
566,딥페이크(deepfake),14,기타·이벤트,False
608,반도체 기판(FC-BGA/PCB/MLB 등),14,반도체·AI,False
584,스페이스X(SpaceX),14,우주·방산·항공,False
79,자원개발,14,기타·이벤트,False
63,제지,14,기타·이벤트,False
534,페라이트,14,기타·이벤트,False
547,CXL(컴퓨트익스프레스링크),13,반도체·AI,False
493,mRNA(메신저 리보핵산),13,바이오·헬스케어,False
415,그래핀,13,기타·이벤트,False
313,남-북-러 가스관사업,13,전력·원전·에너지,False
560,냉각시스템(액침냉각 등),13,반도체·AI,False
397,보톡스(보툴리눔톡신),13,기타·이벤트,False
272,전자결제(전자화폐),13,인터넷·SW·클라우드,False
86,"주류업(주정, 에탄올 등)",13,음식료·농업,False
464,콜드체인(저온 유통),13,기타·이벤트,False
407,호텔/리조트,13,여행·레저·운송,False
590,2026 상반기 신규상장,12,기타·이벤트,True
503,2차전지(LFP/리튬인산철),12,2차전지·전기차,False
112,공기청정기,12,기타·이벤트,False
507,마이데이터,12,기타·이벤트,False
546,마이코플라스마 폐렴,12,기타·이벤트,False
321,무선충전기술,12,2차전지·전기차,False
232,미디어(방송/신문),12,콘텐츠·엔터·게임,False
332,스마트카(SMART CAR),12,기타·이벤트,False
48,영화,12,콘텐츠·엔터·게임,False
18,전자파,12,기타·이벤트,False
326,3D 프린터,11,로봇·자동화,False
269,LED장비,11,디스플레이·전자부품,False
405,MLCC(적층세라믹콘덴서),11,디스플레이·전자부품,False
223,강관업체(Steel pipe),11,기타·이벤트,False
228,국내 상장 중국기업,11,기타·이벤트,False
482,두나무(Dunamu),11,기타·이벤트,False
408,마리화나(대마),11,기타·이벤트,False
390,마이크로 LED,11,디스플레이·전자부품,False
323,셰일가스(Shale Gas),11,전력·원전·에너지,False
599,소캠(SOCAMM),11,반도체·AI,False
165,은행,11,금융,False
302,음성인식,11,기타·이벤트,False
400,조림사업,11,기타·이벤트,False
62,철강 주요종목,11,철강·비철·소재,False
489,카카오뱅크(kakao BANK),11,기타·이벤트,False
576,퓨리오사AI,11,반도체·AI,False
317,SNS(소셜네트워크서비스),10,통신·네트워크,False
170,골판지 제조,10,기타·이벤트,False
481,마켓컬리(kurly),10,기타·이벤트,False
524,모듈러주택,10,건설·인프라,False
204,비료,10,음식료·농업,False
90,수산,10,음식료·농업,False
290,"스포츠행사 수혜(올림픽, 월드컵 등)",10,기타·이벤트,True
595,우주태양광(페로브스카이트 등),10,우주·방산·항공,False
385,키오스크(KIOSK),10,기타·이벤트,False
82,태풍 및 장마,10,기타·이벤트,False
8,화폐/금융자동화기기(디지털화폐 등),10,기타·이벤트,False
579,2차전지(나트륨이온),9,2차전지·전기차,False
177,LPG(액화석유가스),9,전력·원전·에너지,False
176,도시가스,9,전력·원전·에너지,False
402,아스콘(아스팔트 콘크리트),9,기타·이벤트,False
147,여행,9,여행·레저·운송,False
60,육계,9,음식료·농업,False
324,일자리(취업),9,기타·이벤트,False
45,캐릭터상품,9,기타·이벤트,False
167,타이어,9,자동차·부품,False
520,피팅(관이음쇠)/밸브,9,건설·인프라,False
166,항공/저가 항공사(LCC),9,여행·레저·운송,False
213,해저터널(지하화/지하도로 등),9,건설·인프라,False
615,2026 하반기 신규상장,8,기타·이벤트,True
380,면세점,8,소비·유통·패션,False
164,손해보험,8,금융,False
521,애플페이,8,기타·이벤트,False
597,오가노이드,8,바이오·헬스케어,False
178,전선,8,전력·원전·에너지,False
328,제습기,8,기타·이벤트,False
325,종합상사,8,기타·이벤트,False
581,탈 플라스틱(친환경/생분해성 등),8,화학·정유,False
330,페인트,8,기타·이벤트,False
187,핵융합에너지,8,전력·원전·에너지,False
28,CCTV＆DVR,7,기타·이벤트,False
56,NI(네트워크통합),7,통신·네트워크,False
614,S7(삼성전자/SK하이닉스 등),7,기타·이벤트,False
556,뉴로모픽 반도체,7,반도체·AI,False
527,윤활유,7,화학·정유,False
159,자동차 대표주,7,자동차·부품,False
452,코로나19(음압병실/음압구급차),7,기타·이벤트,True
173,IT 대표주,6,기타·이벤트,False
154,건설 대표주,6,건설·인프라,False
585,김밥(냉동김밥 등),6,기타·이벤트,False
467,모더나(MODERNA),6,기타·이벤트,False
318,백화점,6,소비·유통·패션,False
30,조선,6,조선·해운,False
47,카지노,6,여행·레저·운송,False
181,테마파크,6,기타·이벤트,False
497,토스(toss),6,기타·이벤트,False
36,해운,6,조선·해운,False
319,화학섬유,6,화학·정유,False
591,서울고속버스터미널 재개발 수혜,5,여행·레저·운송,True
483,야놀자(Yanolja),5,기타·이벤트,False
504,요소수,5,기타·이벤트,False
580,유심(USIM),5,기타·이벤트,False
124,제대혈,5,기타·이벤트,False
575,지역화폐,5,기타·이벤트,False
598,콩/대두,5,기타·이벤트,False
242,탄소나노튜브(CNT),5,친환경·신재생,False
384,편의점,5,소비·유통·패션,False
197,폐기물처리,5,친환경·신재생,False
468,화이자(PFIZER),5,기타·이벤트,False
593,귀금속(금/은),4,기타·이벤트,False
563,낙태/피임,4,기타·이벤트,False
525,렌터카,4,기타·이벤트,False
283,생명보험,4,금융,False
38,홈쇼핑,4,소비·유통·패션,False
449,2차전지(생산),3,2차전지·전기차,False
155,반도체 대표주(생산),3,반도체·AI,False
210,자전거,3,기타·이벤트,False
185,정유,3,화학·정유,False
126,통신,3,기타·이벤트,False
49,인터넷 대표주,2,인터넷·SW·클라우드,False
